brand,name,old_price_reais,old_price_centavos,new_price_reais,new_price_centavos,reviews_rating_number,reviews_amount
MIZUNO,Tênis Mizuno Wave Prophecy Ls Shinzo Lançamento Olimpiadas,2.499,92,2.099,,,
ASICS,Tênis Masculino Asics Gel Sendai Original Academia Corrida,330,62,99,,,
MIZUNO,Tênis Mizuno Wave Prophecy Ls Shinzo Lançamento Olimpiadas,2.499,92,2.099,,,
ON RUNNING,Tênis De Corrida On Running Cloudspark Ice/grove Masculino,1.049,90,104,,,
ASICS,Tênis Masculino Asics Gel Sendai Original Academia Corrida,330,62,99,,,
SKECHERS,Tênis Skechers Go Run 7.0 - Cinza,649,99,65,,,
NEW BALANCE,Tenis New Balance 520v8 Masculino-azul/preto-m520zf8,369,99,295,99,,
OLYMPIKUS,Tênis Olympikus Zex 168 Masculino - Preto+chumbo,229,89,32,84,,
,Tênis Ecotênis Masculino Conforto Extra Leve Aniderrapante,59,90,5,82,,
MIZUNO,Tênis Mizuno Hawk 5 Masculino Marinho E Dourado Original,384,98,37,32,,
MIZUNO,Tênis Masculino Corrida Treino Mizuno Wave Legend3 101079079,739,99,74,,,
NIKE,Tênis Nike Revolution 7 Masculino,399,99,38,78,4.7,(1324)
MIZUNO,Tênis Masculino Corrida Treino Mizuno Wave Legend3 101079079,739,99,74,,,
,Tênis Masculino Confort Extra Leve Ecotênis Treino Esportivo,64,90,21,63,,
ASICS,Tênis Asics Gel-hypersonic 5 Masculino,599,90,59,99,,
,Tênis Masculino Ecotênis Corrida Treino Academia Caminhada,64,90,21,63,,
,Tênis Ecotênis Corrida Trabalho Conforto Caminhada Treino,62,90,6,11,,
,Tênis Ecotênis Conforto Caminhada Treino Corrida Conforto,59,90,5,82,,
MIZUNO,Tênis Masculino Corrida Treino Mizuno Space 4 101088088,449,99,45,,,
,Tênis Masculino Ecotênis Para Corrida Antiderrapante Confort,60,90,5,92,,
NIKE,Tênis Nike Flex Experience 12 Masculino,349,99,33,93,4.6,(176)
MIZUNO,Tênis Masculino Corrida Treino Mizuno Space 4 101088088,449,99,45,,,
MIZUNO,Kit Tênis Mizuno Enigma Masculino + Pochete De Corrida,459,90,45,99,,
MIZUNO,Tênis Mizuno Arrow Masculino Preto,399,90,39,,,
ASICS,Tenis Asics  Masculino Corrida Azul E Cinza,728,90,70,67,,
,Tênis Ecotênis Treino Academia Caminhada Corrida Esporte,64,90,21,63,,
,Tênis Masculino Ecotênis Extra Leve Sola Antiderrapante,61,90,6,02,,
FILA,Tenis Fila Racer Comet,349,90,34,99,,
MIZUNO,Tênis Masculino Corrida Treino Mizuno Wave Legend3 101079079,664,99,64,47,,
,Tênis Masculino Esportivo Extra Leve Conforto Ecotênis,63,90,6,21,,
,Tênis Ecotênis Extra Leve Trabalho Corrida Conforto Treino,59,90,5,82,,
MIZUNO,Tênis Masculino Corrida Treino Mizuno Space 4 101088088,399,99,38,78,,
FILA,Tênis Fila Acd Classic Masculino Preto Promoção Pix Adulto,419,62,40,,,
MIZUNO,Tênis Masculino Corrida Treino Mizuno Space 4 101088088,399,99,38,78,,
ON RUNNING,Tênis De Corrida On Running Cloudswift 3 Masculino,1.049,90,104,,,
ON RUNNING,Tênis De Corrida On Running Cloudrunner 2 Masculino,999,90,99,,,
OLYMPIKUS,Tênis Olympikus Masculino Casual Color Adulto Original,699,99,70,,,
OLYMPIKUS,Tenis Masculino Olympikus Bloco Corrida Treino Original Leve,259,95,32,49,,
ASICS,Tenis Asics Gel  Masculino Corrida Azul E Laranja,872,90,84,63,,
,Tênis Masculino Ecotênis Sola Antiderrapante Corrida Confort,67,90,22,63,,
ABUZZE,Tênis Masculino Abuzze Run Original,150,,30,,,
UNDER ARMOUR,Under Armour Charged Wing SE Masculino Adultos,299,90,33,32,4.8,(8)
,Tênis Masculino Esportivo Corrida Bm Cat Automobilismo,159,90,68,75,,
ASICS,Tênis Gel Sparta Asics Unissex - Conforto E Performance,575,02,57,50,,
FILA,Tênis Fila Efecto Masculino Corrida Treino Academia Original,349,99,237,99,,
OLYMPIKUS,Tenis Esportivo Olympikus Bloco Academia Corrida Lançamento,259,79,32,47,,
FILA,Tênis Fila Improve Masculino,449,90,44,,,
ABUZZE,Tênis Masculino Abuzze Run Original,169,99,34,,,
NEW BALANCE,Tênis Masculino Evoz V3 New Balance Corrida Treino Academia,499,75,48,45,,
ABUZZE,Tênis Masculino Abuzze Run Original,79,90,7,77,,
OUSY SHOES,Kit Tênis Masculino Caminhada 3 Pares Easy Confortável Combo,229,90,172,42,4.5,(8941)
,Kit Combo 2 Tenis Masculino Academia Caminhada Corrida Top,169,90,152,91,4.6,(2354)
OLYMPIKUS,Tênis Olympikus Estilo 2 Masculino Corrida,259,99,207,99,4.6,(88)
TRYD,Tênis Para Treino Academia Caminhada Corrida Tryd 5400 Leve,99,99,71,99,4.5,(11320)
FILA,Tênis Fila Improve Masculino,449,90,44,,,
DM DAMANDO,Tenis Masculino Confortavel/academia/crossfit + Relógio,77,90,74,67,4.5,(5872)
ABUZZE,Tênis Masculino Abuzze Run Original,169,99,34,,,
ASCENSION,Tenis Masculino E Feminino De Caminhada Ortopedico Crossfit,69,90,66,40,4.7,(3121)
NEW BALANCE,Tênis Masculino Evoz V3 New Balance Corrida Treino Academia,499,75,48,45,,
ADAPTION,Kit 2 Pares De Tenis Masculino Academia Limited + Relogio,131,42,12,77,4.4,(4333)
OLYMPIKUS,Tênis Olympikus Original Corrida Promoção Lançamento Novo,333,33,99,99,,
ASICS,Tênis Asics Academia Corrida Treino Macio Barato 34 Ao 43,333,33,99,99,4.0,(167)
,Tênis Ecotênis Para Treino Academia Esportes Corrida Confort,59,90,5,82,,
ABUZZE,Tênis Masculino Abuzze Run Original,79,90,7,77,,
,Tênis Masculino Feminino Old Skool Space Caminhada Casual,95,67,31,,,
OLYMPIKUS,Tênis Running Masculino Delta Olympikus Marinho,234,59,187,67,,
OLYMPIKUS,Tênis Running Masculino Delta Olympikus Marinho,234,59,187,67,,
MIZUNO,Tênis Masculino Corrida Treino Mizuno Wave Legend3 101079079,664,99,64,47,,
MIZUNO,Tênis Masculino Mizuno Wave Creation 20 Academia Treino,309,96,139,48,,
,Kit Tênis De Corrida Masculino Academia Leve + Relógio,93,02,9,04,4.4,(352)
PROSPECT,Tênis Masculino Prospect Fly Academia Esporte Corrida Leve,69,90,44,73,4.3,(109)
,Tenis Menino Infantil Ad Escolar Esportivo Merks ,57,90,55,35,4.6,(515)
UNDER ARMOUR,Tênis Corrida Academia Treino Under Armour Charged Wing Se,349,89,34,99,,
ABUZZE,Tênis Masculino Airboost Eva,144,90,36,22,,
OLYMPIKUS,Tênis Olympikus Masculino Chroma Atividades Esportivas,199,99,179,99,4.6,(14)
OLYMPIKUS,Tenis Masculino Olympikus Bloco Corrida Confortável Original,259,89,32,49,,
,Tenis Olimp Esportivo Masculino Feminino Leve E Macio,64,90,6,31,4.1,(8799)
,Tênis Ecotênis Extra Leve Para Trabalho Caminhada Esportes,65,90,21,97,,
,Tênis Ecotênis Masculino Para Treino Academia Corrida Leve,64,90,21,63,,
MIZUNO,Mizuno Cool Ride Masculino Adultos,349,90,244,93,4.8,(960)
NEW BALANCE,Tênis New Balance Fresh Foam X More V5 Masculino Corrida,999,90,99,,,
,Tênis Ecotênis Corrida Sola Antiderrapante Esportivo Treino,62,90,6,11,,
NEW BALANCE,Tênis New Balance Masculino 500 V2 Corrida Original Estilo,399,99,38,78,,
OLYMPIKUS,Tenis Olympikus Masculino Mescla Esportivo,229,90,22,35,,
OLYMPIKUS,Tenis Esportivo Corrida Olympikus Bloco Confortável Original,264,95,33,12,,
NEW BALANCE,Tênis New Balance Fresh Foam Garoe V1 Pretolaranja Masculino,749,99,674,99,,
ADIDAS,Kit Tênis adidas Masculino Duramo Sl + Pochete De Corrida ,562,50,54,53,,
ADIDAS,Kit Tênis adidas Masculino Duramo Sl + Mochila E Garrafinha ,557,65,54,06,,
,Tenis Sapatilha Bike Pesca Corrida Academia Neoprene Confort,53,67,17,,4.6,(884)
,Tênis Masculino Olymp Olimp Space Caminhada Barato Promoção ,78,99,61,61,4.4,(2969)
FILA,Tênis Fila Acd Classic Masculino Preto Promoção Pix,379,10,341,07,,
UNDER ARMOUR,Tênis Under Armour Masculino Adulto Caminhada Corrida Reps2,649,99,63,02,,
OLYMPIKUS,Olympikus Casual Soma Masculino Adultos,199,99,169,10,4.8,(24)
,Tenis Unissex Leve E Versátil Para Malhar Qualquer Ocasiao,161,25,145,12,,
,Kit Combo 2 Tenis Masculino Academia Caminhada Corrida Top,169,90,152,91,4.6,(2354)
MIZUNO,Tênis Mizuno Space 4 Corrida Marinho E Azul - Masculino,299,99,29,08,,
,Tênis Masculino Ecotênis Extra Leve Academia Corrida Treino,68,90,22,97,,
OLYMPIKUS,Tênis Olympikus Masculino Corrida Color Br Adulto Academia,699,99,70,,,
FILA,Fila Recovery Masculino Adultos,259,90,32,49,4.7,(1577)
,Tênis Masculino Conforto Ecotênis Caminhada Trabalho Corrida,60,90,5,92,,
,Tênis Ecotênis Masculino Corrida Treino Sola Antiderrapante,59,90,5,82,,
OLYMPIKUS,Olympikus Casual Jogging 100 Sem gênero Adultos OBTN068_1-012,229,99,172,49,4.7,(3668)
DM DAMANDO,Kit Tenis Confortavel Masculino P/academia Corrida + Relógio,78,90,74,95,4.6,(423)
OLYMPIKUS,Tenis Olympikus Masculino Soma,219,34,188,39,4.8,(44)
OLYMPIKUS,Olympikus Casual Index 3 Masculino Adultos 43611218_1-004,146,19,14,,4.8,(2045)
,Tênis Cross Tryd 5400 Academia Caminhada Confortável Leve,99,99,68,99,4.5,(1903)
OLYMPIKUS,Tênis Olympikus Conex 43553352 Preto,220,43,31,,,
PROSPECT,Tênis Masculino Prospect Taos Caminhada Academia Corrida,69,90,29,35,4.6,(5)
,Tenis Masculino Academia Corrida Caminhada Leve Barato,69,90,49,40,4.6,(1025)
OLYMPIKUS,Tênis Masculino Adulto Academia Esporte Caminhada Olympikus,224,99,175,49,4.5,(10)
FILA,Tênis Fila Presence Corrida Caminhada Resistente - Masculino,299,99,29,08,,
,Tênis Academia Masculino Corrida Caminhada Esporte Dia A Dia,69,99,59,49,,
OLYMPIKUS,Tênis Olympikus Index 3 43611218 Marinho,209,83,34,,,
T-SHOES,Tênis Extremecross Speed Trekking Trilha Ciclismo Corrida,174,49,150,06,4.5,(357)
OLYMPIKUS,Tênis Esportivo Olympikus Volcan 2 Preto Masculino,199,90,33,32,,
NEW BALANCE,Tenis New Balance 411v3 Masculino Academia Conforto Promoção,329,90,32,,,
,Tênis Academia Caminhada Corrida Confortável Leve Pra Malhar,79,90,62,32,4.5,(260)
FILA,Tênis Fila Racer Nairobi Preto Cinza E Verde - Masculino,379,99,284,99,4.8,(289)
PROSPECT,Kit 3 Tênis Masculino Prospect Speed Academia Leve + Relógio,219,90,138,53,4.4,(94)
,Tenis Sport Titanium  Original - Esportivo,78,90,59,17,4.5,(4007)
FILA,Tênis Fila Renno Classic Masculino Preto,289,90,275,40,,
,Tênis Masculino Sapatenis Moderno Confortável + Carteira,24,90,,,,
OLDSEN,Tênis Masculino Para Correr Caminhar Colorado Oferta Barato ,78,90,63,12,4.2,(957)
,Kit Tênis De Corrida Masculino Academia Leve + Relógio,93,02,9,04,4.4,(352)
OLYMPIKUS,Tênis Olympikus Masculino Cosmo Original,439,99,196,22,5.0,(2)
PLAZA,Kit 2 Pares Tênis Casual Esportivo Masculino Relogio Digital,149,90,14,57,4.4,(95)
EVER WAY,Tênis Caminhada Corrida  Macio Confortável Academia Fitness,119,90,89,92,4.8,(29)
WEST,Tênis Kit 2 Pares Mizwest 20 Promoção Masculino Garantia !!1,160,70,15,62,4.1,(459)
OLIMPAK,Tênis Masculino Olimpak Para Academia Caminhada Original,99,90,9,71,4.5,(2437)
,Sapatilha Aquática Unissex Rio Pesca Praia Neoprene Flexível,78,90,61,54,4.7,(108)
,Tênis Masculino Academia Caminhada Corrida Training Bylbow,78,90,68,40,4.6,(3788)
,Tênis Masculino Academia Rixxon Leve Promoção Barato ,87,90,57,,4.5,(715)
OLYMPIKUS,Tênis Olympikus Dynamic Esportivo Masculino Original Ref -34,289,99,240,69,4.8,(66)
ADIDAS,Kit Tênis adidas Masculino Duramo Sl + Pochete De Corrida,579,90,57,99,,
UNDER ARMOUR,Tenis Under Armour Slight Se Cod: 15476,329,99,296,99,,
OLYMPIKUS,Olympikus Casual Urbano Ast Masculino Adultos,201,94,191,84,4.6,(14)
PROSPECT,Tênis Masculino Prospect Fly Academia Esporte Corrida Leve,69,90,44,73,4.3,(109)
EVOLTENN,Kit 3 Pares Tênis Esportivo Masculino Evoltenn Style Corrida,188,90,147,34,4.4,(1987)
NEW BALANCE,New Balance 500 V2 Masculino Adultos,379,99,284,99,4.5,(72)
REEBOK,Tênis Reebok Energen Lite Plus 3 Masculino,299,90,248,91,,
FILA,Tênis Esportivo Masculino Progress Lite Fila Adulto,299,99,233,99,4.9,(47)
UNDER ARMOUR,Tênis Under Armour Charged Wing Se Masculino Azul Original,329,90,32,,,
ASICS,Tênis Original Corrida Academia Asics Barato Do 34 Ao 43,299,90,98,96,,
ADIDAS,Tênis adidas Response Runner Unissex + Pochete De Corrida ,329,70,31,96,,
MOLEKINHO,Tênis Menino Casual Calce Fácil Dia A Dia Conforto Original,78,88,70,99,5.0,(49)
OLYMPIKUS,Tênis Masculino Taurus Olympikus *oferta*,279,99,152,91,4.8,(2125)
WAVE,Kit 3 Pares Tênis Academia Esportivo Masculino Molas Wave 20,219,92,31,42,,
,Tenis  Masculino Promoção  Lançamento Original  Confortável.,69,90,52,25,4.5,(483)
VILI,Tênis Masculino Academia Caminhada Vili Barato Leve Corrida,109,90,10,68,4.5,(2679)
UNDER ARMOUR,Tênis Under Armour Masculino Caminhada Corrida Academia Reps,649,99,63,02,,
OLYMPIKUS,Tênis Olympikus Inverse Cinza Claro - Masculino,349,99,332,49,,
PUMA,Puma Smash V2 L Masculino Adultos,349,99,290,49,5.0,(8)
OLYMPIKUS,Olympikus Corre Vento 2 Corrida Ultraleve -- Original,389,90,38,99,,
FILA,Tenis Fila Efecto Masculino Caminhada Corrida Mesh Original,374,99,233,99,4.9,(41)
DM DAMANDO,Tenis Masculino Esportivo Black Academia Corrida Caminhada,72,90,45,60,4.4,(65)
OLYMPIKUS,Tênis Olympikus Volt Lançamento Original Caminhada Academia,229,99,158,69,4.7,(1173)
,Tenis Para Caminhada Academia Corrida Treino - Leve E Macio,64,90,6,31,4.5,(493)
OLDSEN,Tênis Masculino Jaguar Oldsen Treino Corrida Promoção Top,78,97,7,68,4.4,(3083)
OLYMPIKUS,Tênis Olympikus Chroma Masculino Preto Academia Caminhada,251,24,159,90,4.8,(56)
OLYMPIKUS,Olympikus Marez Masculino Adultos,349,99,227,90,4.9,(509)
BF SHOES,Tênis Bf Shoes Olimp Masculino Esportivo Caminhada Branco,99,90,60,83,4.6,(7971)
OLYMPIKUS,Tênis Masculino Olympikus Volcan Academia Corrida Original,249,99,189,99,4.6,(34)
MVP FITNESS,Tênis Mvp Para Crossfit - 3x3 All Black,379,05,360,01,4.8,(147)
,Tênis Esporte Masculino Pronta Entrega Barato,66,90,63,55,4.4,(1570)
OLYMPIKUS,Tênis Masculino Adulto Academia Esporte Caminhada Olympikus,224,99,175,49,4.5,(10)
OLYMPIKUS,Tênis Olympikus Original Academia Corrida Esportes Oferta,333,33,119,99,,
OLYMPIKUS,Tênis Olympikus Original Adultos Lançamento Barato Promoção,333,33,99,99,,
FILA,Tenis Fila Racer Nairobi Knit Esportivo Masculino Original,379,95,334,35,4.9,(35)
FILA,Tênis Fila Racer Nairobi Preto Cinza E Verde - Masculino,379,99,284,99,4.8,(289)
OLYMPIKUS,Tênis Olympikus Estilo 2 Masculino Corrida,259,99,207,99,4.6,(88)
ASICS,Tênis Asics Gel Cumulus 26,989,90,742,42,,
POLO JOY,Polo Joy 900 Masculino Adultos,78,99,7,68,4.7,(55)
OLYMPIKUS,Tênis Masculino Olympikus Challenger 5 Caminhada Treino,335,90,256,41,5.0,(8)
OLYMPIKUS,Tênis Olympikus Academia Treino Macio Leve Novo 34 A 43 Full,333,33,99,99,,
PROSPECT,Kit 3 Tênis Masculino Prospect Fly Caminhada Academia Leve,209,90,134,33,4.5,(56)
,Tênis Masculino Academia Rixxon Leve Promoção Barato ,87,90,57,,4.5,(715)
NEW BALANCE,Tênis New Balance 520 V8 Corrida - Masculino,339,99,286,60,4.6,(74)
,Tênis Olympus Masculino Feminino Academia Caminhada Levinho,99,42,79,53,4.5,(83)
OLDSEN,Tenis Corrida Casual Insanity Leve Confortável Macio 34-43,78,90,74,95,4.2,(184)
,Tenis Sport Titanium 277  Original - Esportivo,78,90,59,17,4.4,(2016)
OLYMPIKUS,Tênis Olympikus Challenger 5 Preto/cinza Masculino Corrida,299,99,269,99,,
OLYMPIKUS,Tênis Olympikus Challenger 5 Branco E Cinza - Masculino,299,99,245,99,4.8,(70)
DUBBELE,Tenis Masculino Academia Corrida Wave Force Promoção Barato,73,98,70,28,4.2,(597)
VILI,Tênis Masculino Academia Caminhada Vili Barato Leve Corrida,109,90,10,68,4.5,(2679)
NEW BALANCE,Tênis New Balance 520 V8 Corrida - Masculino,339,99,286,60,4.6,(74)
,Tênis Masculino Esportivo Super Leve Envio Imediato,77,90,25,97,4.6,(87)
,Tenis Corrida Masculino Academia Caminhada Conforto +relógio,34,90,11,63,,
OLDSEN,Tenis Masculino Casual Macio Caminhada Treino Oldsen Bmax ,78,99,75,04,4.2,(152)
OLDSEN,Tenis Corrida Casual Insanity Leve Confortável Macio 34-43,63,90,6,21,4.4,(347)
,Tênis Masculino Esportivo Casual Vermelho Fitness Passeio,110,15,10,71,,
OLYMPIKUS,Tenis Olympikus Volcan Ultra Leve Para Training,219,10,197,85,,
PUMA,Tênis Flyer Runner Mesh Bdp Puma,329,90,199,90,4.8,(1711)
OLYMPIKUS,Olympikus Only 2 Masculino Adultos,199,99,140,59,4.7,(3608)
MIZUNO,Mizuno Victory RSP Masculino Adultos,452,90,339,67,5.0,(26)
,Tênis Academia Caminhada Corrida Confortável Leve Pra Malhar,79,90,62,32,4.5,(260)
OLYMPIKUS,Tênis Olympikus Conex Esportivo Masculino Original,210,,30,,,
,Tênis Masculino Leve Macio Advanced Running Fit Academia ,124,90,78,68,4.4,(65)
OLYMPIKUS,Tenis Olympikus Masculino Mescla Esportivo Conforto Original,219,90,197,91,,
LEVE STAR,Tenis Masculino Esportivo Caminhada Academia Corrida Malhar.,78,99,57,95,4.3,(996)
,Tênis Olympikus Index Esportivo Masculino Academia Original,189,99,18,47,4.9,(77)
OLYMPIKUS,Tenis Olympikus Masculino Esportivo Amortecedor Original,239,99,227,99,,
OLYMPIKUS,Tênis Olympikus Dynamic Masculino Original,319,90,239,92,4.7,(499)
ASICS,Tênis Original Asics Trabuco 12 Gel Macio Leve Confortável,999,99,789,99,,
FILA,Fila Racer T2 Masculino Adultos,499,99,374,99,4.8,(92)
MIZUNO,Tênis Masculino Mizuno Wave Prophecy 9 Para Corrida Academia,219,92,31,42,,
OLYMPIKUS,Olympikus Treino Proof 3 Masculino Adultos,222,22,169,99,4.8,(2075)
,Tênis Olympus Masculino Feminino Academia Levinho Promoção,59,99,5,83,,
CARDUME,Sapatilha Cardume Porus Preto,74,90,24,97,5.0,(10)
,Kit Tênis Esportivo It Shoes Masculino + Relógio Digital,169,90,120,62,4.4,(519)
,Kit Tenis Masculino Academia + Relógio Digital Led + Meia,169,90,126,21,4.4,(770)
FILA,Tênis Fila Carbon Tri Unissex Esporte Corrida Triathlon,699,99,524,99,,
EVOLTENN,Tenis Academia Corrida Original Caminhada Evoltenn Crossfit,78,90,62,33,4.5,(4296)
EVER WAY,Tênis Caminhada Corrida  Macio Confortável Academia Fitness,119,90,89,92,4.8,(29)
,Kit 2 Pares Tênis Feminino E Masculino Casual Old Off Star,159,90,123,12,4.2,(417)
OLYMPIKUS,Tenis Masculino Soma Olympikus Dia A Dia Original,249,99,184,99,4.7,(14)
OLDSEN,Tenis Masculino Lançamento Original Confortavel Tecido 38-45,78,95,70,30,4.3,(585)
NEW BALANCE,Tenis New Balance Fuelcell Propel V5- Original,699,90,69,99,,
OLDSEN,Tenis Masculino Infantil Jaguar De Corrida Academia 34-43,78,90,63,12,4.6,(678)
SAPATOFRAN,Tênis Sapatênis Esportivo Para Academia X-try Original Leve,77,26,71,91,4.1,(382)
,Tênis Esportivo Masculino Academia Corrida Confortável Nl450,189,90,18,46,,
OLYMPIKUS,Tênis Olympikus Reverso 2 Masculino Dia A Dia Casual Nfe,379,99,322,99,,
ASICS,Tênis Masculino Asics Gel Revelation Original Couro Corrida,459,90,137,96,,
LORENZZO LOPEZ,Tênis Masculino Para Academia E Corrida Super Macio E Leve,39,90,13,30,4.4,(35)
MIZUNO,Tênis Masculino Mizuno Wave Nirvana 9 Adulto.,300,60,153,,4.3,(142)
WAVE,Tênis Esportivo Masculino Academia Caminhada Creation 20 Wav,94,89,31,63,,
NEW BALANCE,Tênis New Balance Masculino Corrida Confortável Trilha 500v2,399,99,38,78,,
DUBBELE,Tenis Masculino Academia Corrida Wave Force Promoção Barato,78,99,7,68,,
MIZUNO,Tênis Mizuno 101119119 Base One Com Solado Enerzy Vermelho,657,70,63,,,
PUMA,Tênis Casual Confortável Masculino Puma Wired Run,299,90,33,32,,
FILA,Tênis Fila Lugano 7.0 Masculino Azul,399,90,39,,,
,Tênis Masculino Olymp Olimp Space Caminhada Barato Promoção ,78,99,61,61,4.4,(2969)
,Tênis Refletivo Masculino & Feminino Amortecimento 12 Molas,74,90,24,97,4.2,(19)
EVOLTENN,Tenis Academia Corrida Original Caminhada Evoltenn Crossfit,78,90,62,33,4.5,(4296)
VIA LIVRE,Tênis Adulto Masculino Advanced Sport Solado Eva Leve ,155,32,31,06,,
ASICS,Asics Gel-Sparta 2 Masculino Adultos,299,99,28,,4.6,(9)
UNDER ARMOUR,Tênis Under Armour Charged Wing Se Masculino Azul Lançamento,329,90,32,,,
FILA,Tênis Fila Recovery Masculino Corrida,324,89,31,50,,
,Tênis Unisex Preto Black Esportivo Treino Confortavel Oferta,69,90,23,30,,
FILA,Tenis Fila Recovery Masculino Running Trainning Corrida,369,99,35,87,,
OLIMPAK,Tênis Masculino Olimpak Para Academia Caminhada Original,99,90,9,71,4.5,(2437)
,Tenis Para Caminhada Academia Corrida Treino - Leve E Macio,64,90,6,31,4.5,(493)
ASICS,Tenis Masculino Asics Sendai Academia Caminhada Corrida,399,90,119,96,,
OLYMPIKUS,Tênis Olympikus Veloz 3 Masculino,289,90,28,11,,
OLYMPIKUS,Tênis Olympikus Inverse Academia Corrida Masculino Preto,328,80,31,,,
MIZUNO,Tênis Mizuno 101119119 Base One Com Solado Enerzy Vermelho,674,40,67,,,
FILA,Tênis Fila Lugano 7.0 Masculino Branco Original,399,90,39,,,
UNDER ARMOUR,Tênis Under Armour Tribase Cross Se Masculino Preto Crossfit,549,90,54,,,
NEW BALANCE,Tênis New Balance Fresh Foam Arishiv4 Verde Masculino,449,99,404,99,,
UNDER ARMOUR,Tênis Under Armour Charged Wing Se Promoção Pix Adulto,359,81,34,,,
ADIDAS,Tênis adidas Response Runner Unissex + Mochila E Garrafinha ,324,85,31,49,,
OLYMPIKUS,Tênis Olympikus Cosmo Masculino Cinza E Verde Original,252,99,190,02,,
OLYMPIKUS,Tenis Olympikus Masculino Delta/122,209,99,188,99,,
UNDER ARMOUR,Tênis Under Armour Charged Wing Se Masculino Azul,329,90,32,,,
,Tênis Ecotênis Corrida Academia Treino Esportivo Caminhada,68,90,22,97,,
FILA,Fila KR6 Masculino Adultos,379,90,284,92,4.7,(392)
HOKA,Tênis Hoka Clifton 9 Masculino,1.299,,130,,,
MIZUNO,Tênis Mizuno 101119119 Base One Com Solado Enerzy Vermelho,679,90,67,,,
ADIDAS,Tênis adidas Response Runner Unissex + Pochete De Corrida,339,90,33,99,,
OLYMPIKUS,Olympikus CORRIDA Voa 2 Masculino Adultos,299,99,269,99,4.8,(669)
XPRO,Tênis Esportivo Academia Corrida Caminhada Masculino Feminin,129,90,12,63,,
VANS,Tênis Masculino Feminino Coleção Vans Original Skate 34 A 43,399,90,151,96,,
FILA,Tênis Fila Lugano 7.0 Masculino Azul Original,399,90,39,,,
MIZUNO,Tênis Mizuno Wave Mirai 6 Corrida 101081081 Chumbo,489,90,48,99,,
FILA,Tênis Fila Lugano 7.0 Masculino Branco,399,90,39,,,
FILA,S Fila Lugano 7.0 Masculino Branco Promoção Pix Adulto,439,56,42,,,
OLYMPIKUS,Tênis Running Masculino Delta Olympikus Marinho,234,59,187,67,,
FILA,Tênis Fila Lugano 7.0 Masculino Branco Lançamento,399,90,39,,,
,Tênis Masculino Feminino Meia Sem Cadarço Calce Fácil Macio,49,89,47,39,,
OLYMPIKUS,Tênis Olympikus Veloz 3 Laranja Verde Branco Unissex,289,90,28,11,,
NEW BALANCE,Tênis Masculino 997s Sport Envio Imediato,229,99,188,59,,
,Tênis Masculino Esportivo Casual Branco Fitness Caminhada,105,41,10,25,,
,Tênis Ecotênis Conforto Extra Leve Caminhada E Corrida,59,90,5,82,,
UNDER ARMOUR,Under Armour Charged Quicker Amarelo - Masculino ,399,90,39,99,,
,Tênis Masculino Sapatenis Streetwear Confortável + Relógio,28,50,14,25,,
FILA,Tênis Fila Lugano 7.0 Masculino Azul Promoção Pix Adulto,439,56,42,,,
UNDER ARMOUR,Tênis Under Armour Charged Wing Se Masculino Preto Corrida,329,90,32,,,
ON RUNNING,Tênis On Running Cloudventure Masculino,840,40,714,,,
DIX,Tênis Para Academia Masculino Malhar Corrida Promoção,78,90,62,91,4.5,(2732)
ASICS,Tenis Masculino Asics Sendai Academia Caminhada Corrida,399,90,119,96,,
OLDSEN,Tenis Corrida Casual Insanity Leve Confortável Macio 34-43,63,90,6,21,4.4,(347)
,Tênis Refletivo Masculino & Feminino Amortecimento 12 Molas,74,90,24,97,4.2,(19)
DIX,Tênis Para Academia Masculino Malhar Corrida Promoção,78,90,62,91,4.5,(2732)
ASICS,Tênis Asics Gel-kambarah Corrida Confortável Masculino,599,99,479,99,,
OLYMPIKUS,Tenis Olympikus Perfect 4 43631292-ptdrd,279,35,27,08,,
,Tênis Masculino Esportivo Caminhada Corrida Academia,79,90,26,63,,
NEW BALANCE,Tênis Masculino 997s Sport Adulto Super Promoção Aproveitem!,229,99,197,79,,
OLYMPIKUS,Olympikus CORRIDA Veloz 2 Masculino Adultos,216,86,30,,4.8,(289)
TRYD,Tênis Para Treino Academia Caminhada Corrida Tryd 5400 Leve,99,99,71,99,4.5,(11320)
,Tenis  Masculino Promoção  Lançamento Original  Confortável.,69,90,52,25,4.5,(483)
OLDSEN,Tênis Masculino Para Correr Caminhar Colorado Oferta Barato ,78,90,63,12,4.2,(957)
ASICS,Tênis Casual Couro Academia Corrida Barato 34 Ao 43 Promoção,299,90,98,96,,
OLYMPIKUS,Tênis Olympikus Challenger 5 Masculino Esportivo Sola Alta,299,99,29,08,,
FILA,Tenis Fila Progress Lite Masculino Esportivo Mesh Original,309,95,269,65,,
LORENZZO LOPEZ,Tênis Masculino Esportivo Academia Corrida Caminhada Leve,109,90,10,68,,
,Tenis Unissex Leve E Confortável A Pronta Entrega Oferta,161,25,120,93,,
OLYMPIKUS,Tênis Masculino Olympikus Beats Cod: 16559,309,99,278,99,,
OLYMPIKUS,Tênis Masculino Olympikus Challenger 5 Caminhada Treino,335,90,256,41,5.0,(8)
OLYMPIKUS,Tênis Olympikus Volcan 2 Caminhada Treino Corrida Academia,189,87,18,46,,
FILA,Tenis Fila Efecto Masculino Caminhada Corrida Mesh Original,374,99,233,99,4.9,(41)
MORETTO,Tênis Zoom Esportivo Masculino  Conforto - Moretto,89,90,8,74,,
OLYMPIKUS,Tênis Olympikus Volcan 2 Caminhada Treino Corrida Academia,189,87,18,46,,
,Tênis Masculino Preto Para Caminhada De Academia Esportivo,109,99,79,19,,
OLYMPIKUS,Tênis Olympikus Orbita,199,99,19,44,,
OLYMPIKUS,Tênis Olympikus Triunfo 3 - Masculino 24742,269,99,33,75,,
ASICS,Tênis Masculino Asics Gel Revelation Original Couro Corrida,459,90,137,96,,
MIZUNO,Tênis Mizuno Wave Stratos 2 Masculino- Branco,718,10,682,21,,
NEW BALANCE,Tênis Masculino 997s Sport Adulto Queima De Estoque Promoção,220,20,178,32,,
,Tenis Masculino Academia Corrida Caminhada Leve Barato,69,90,49,40,4.6,(1025)
OLYMPIKUS,Tênis Olympikus Petróleo Laranja Masculino Cosmo Original,229,90,22,35,,
UNDER ARMOUR,Tênis Under Armour Charged Wing Se Masculino Preto Original,329,90,32,,,
OLYMPIKUS,Tênis Olympikus Bege Preto Laranja Masculino Ritmo Original,279,90,27,14,,
OLYMPIKUS,Tênis Olympikus Masculino Treino Corrida Original Confortáve,699,99,70,,,
OLYMPIKUS,Tênis Olympikus Com Cadarço Masculino Soma,199,90,19,43,,
FILA,Tênis Fila Racer T2 F01r027 Masculino Running,599,90,59,,,
,Tênis Masculino Homem Casual Preto Academia Esportivo !,44,99,15,,,
VANS,Tênis Old Skool Tradicional E Todo Preto Veemm ;)),350,57,119,,,
ADIDAS,adidas Runfalcon 5 Masculino Adultos,399,99,268,79,4.5,(13)
FILA,Tenis Fila Venture Tracer Masculino F01at00065-6148,399,35,38,72,,
OLYMPIKUS,Tênis Esportivo Adulto Olympikus Orbita Lançamento Original,199,95,33,32,,
UNDER ARMOUR,Tênis Under Armour Charged Wing Se Masculino Azul Caminhada,329,90,32,,,
MIZUNO,Tênis Mizuno Wave Dynasty 6 Masculino- Marinho,499,89,49,99,,
OLYMPIKUS,Tênis Olympikus Veloz 2 157 Original Corrida Confortavel,224,90,21,86,,
OLYMPIKUS,Tênis Olympikus Veloz 3 Unissex Laranja Verde Branco,298,90,33,21,,
FILA,Tenis Masculino Fila Progress Lite Esportivo,299,90,33,32,,
ASICS,Tênis Original Casual Couro Academia Asics Barato 34 Ao 43,299,90,98,96,,
OLYMPIKUS,Tênis Olympikus Veloz 3 Unissex Laranja Verde Branco,298,90,33,21,,
UNDER ARMOUR,Tênis Under Armour Tribase Cross Se Masculino Preto,549,90,54,,,
FILA,Tênis Fila Lugano 7.0 Masculino Azul Lançamento,399,90,39,,,
ASICS,Tênis Asics Noosa Tri 15 Masculino Laranja/azul Claro,999,90,99,99,,
ON RUNNING,Tênis On Running Cloudsurfer Masculino,850,40,695,54,,
,Tênis Masculino Olymp Olimp Space Caminhada Academia,59,67,19,,,
,Tênis Masculino Para Caminhada Academia Esportivo Barato,129,99,79,29,,
,Tenis Infantil Calce Fácil Sem Cadarço Meia Menino Menina,54,90,49,95,,
OUSY SHOES,Kit Tênis Masculino Caminhada 3 Pares Easy Confortável Combo,229,90,172,42,4.5,(8941)
OLYMPIKUS,Tênis Masculino Olympikus Inverse Basico Treino Leve Running,349,99,332,49,,
SCHIARELI,Tênis Confortavel Esportivo Leve Macio Varias Cores,139,90,34,98,4.6,(88)
OLDSEN,Tênis Masculino Jaguar Oldsen Treino Corrida Promoção Top,78,97,7,68,4.4,(3083)
FILA,Tênis Esportivo Masculino Progress Lite Fila Adulto,299,99,233,99,4.9,(47)
UNDER ARMOUR,Tênis Under Armour Charged Brezzy Corrida,179,99,17,50,,
OLYMPIKUS,Tênis Masculino Esportivo Orbita Evasense Olympikus Marinho,199,90,33,32,,
,Tênis Masculino E Feminino Olk Caminhada Academia Corrida,198,97,111,42,,
OLYMPIKUS,Tênis Esportivo Confortável Olympikus Orbita Leve Macio,189,95,31,66,,
ASICS,Tênis Masculino Revelation Para Caminhada Confortável,249,90,31,24,,
,Tênis Esportivo Masculino Confortável Para Treinos Corridas,79,90,7,77,,
,Kit Tenis Masculino Academia + Relógio Digital Led + Meia,169,90,126,21,4.4,(770)
,Tenis Menino Infantil Ad Escolar Esportivo Merks ,57,90,55,35,4.6,(515)
OLYMPIKUS,Tênis Olympikus Dynamic Esportivo Masculino Original Ref -34,289,99,240,69,4.8,(66)
UNDER ARMOUR,Tênis Under Armour Charged Wing Se Masculino Azul Corrida,329,90,32,,,
,Kit 2 Tenis Esportivo Masculino Academia Caminhada Corrida,149,99,128,99,,
RAINHA,Tênis Rainha Vl 2500 Futsal Vôlei Academia Capoeira Corrida,78,90,7,67,4.6,(1141)
MORETTO,Tênis Masculino Esportivo Moretto Corrida Nylon Borracha,89,90,8,74,,
OLYMPIKUS,Tênis Running Masculino Delta Olympikus Marinho,234,59,33,51,,
ADIDAS,Tenis adidas Racer Tr23,549,90,53,31,,
OLDSEN,Tenis Masculino Lançamento Original Confortavel Tecido 38-45,78,95,70,30,4.3,(585)
TRYD,Tênis Para Treino Academia Caminhada Corrida Tryd 5400 Leve,99,99,71,99,4.5,(11320)
,Tênis Masculino Esportivo Corrida Bm Cat Automobilismo,159,90,68,75,,
UNDER ARMOUR,Tênis Under Armour Charged Wing Se Masculino Promoção Pix,329,10,296,71,,
UNDER ARMOUR,Tênis Under Armour Charged First Corrida Grafite E Dourado -,179,90,17,49,,
,Tênis Olypks Ideal Para Quem Busca Amortecimento E Conforto,101,31,33,77,,
REEBOK,Tênis Reebok Nanoflex Tr 2 Academia Ee0302 Original 1magnus,599,98,539,98,,
UNDER ARMOUR,Tenis Under Armour Charged Skyline Cod: 13862,299,99,269,99,,
REEBOK,Tênis Reebok Energen Lite Plus 3 Preto Branco Masculino ,244,90,23,80,,
FILA,Tênis Fila Progress Lite Preto Masculino,299,90,33,32,,
OLYMPIKUS,Tênis Olympikus Index 3 Confortável Macio Academia Treino,189,99,172,89,,
MIZUNO,Mizuno Wave Dynasty 5 Masculino Adultos,379,90,37,99,4.7,(981)
OLYMPIKUS,Tênis Olympikus Dynamic - Masculino 25091,339,99,34,,,
ASCENSION,Tênis Masculino Esportivo Corrida Leve Ascension Original,139,90,13,60,,
,Tenis Esportivo Masculino Treino Corrida Academia Conforto,287,99,27,92,,
MIZUNO,Tênis Mizuno Wave Mirai 6 Masculino Preto Confortavel,489,90,48,99,,
,Tênis Masculino Performance Confortável Caminhada E Corrida,34,33,11,,,
SKECHERS,Tênis Masculino Skechers Go Run Fast Slip On 55103,349,99,33,93,,
VANS,Tênis Old Skool Tradicional E Todo Preto Promoção,350,57,119,,,
ADIDAS,Tênis adidas Duramo Rc Masculino Preto,349,90,34,,,
,Kit 3 Tênis Academia Treino Masculino Fitness Promoção,184,90,17,97,,
UNDER ARMOUR,Tênis Under Armour Ch.wing Masculino Adulto,179,89,17,49,,
PLAZA,Kit 2 Pares Tênis Casual Esportivo Masculino Relogio Digital,149,90,14,57,4.4,(95)
PROSPECT,Tênis Masculino Prospect Taos Caminhada Academia Corrida,69,90,29,35,4.6,(5)
ACTVITTA,Tenis Masculino Actvitta Com Elastano Esportivo Confortavel,139,59,13,57,,
MIZUNO,Tênis Masculino Mizuno Wave Creation 20 Branco Confortavel,399,90,127,96,,
OLYMPIKUS,Tênis Olympikus Original Adultos Lançamento Barato Promoção,333,33,99,99,,
MIZUNO,Tênis Mizuno Wave Stratos 2 Masculino Preto Azul Treino,739,90,71,73,,
OLYMPIKUS,Olympikus Eros Masculino Adultos,165,04,16,,4.8,(1914)
NEW BALANCE,Tênis Masculino 247 Esportivo Academia Treino Envio Imediato,333,33,139,99,,
,Kit 2 Tenis Masculino Esportivo Adulto Caminhada Corrida To,158,70,15,43,4.4,(490)
WAVE,Tênis Masculino Wave Creation 20 Para Academia Caminhada Pro,94,91,31,64,,
,Tênis Masculino Advanced Aero Academia Leve Macio Full,78,90,7,67,,
NEW BALANCE,Tênis Masculino Casual Academia Esportivo Macio Leve Novo,333,33,139,99,,
,Tenis Masculino Olimp Kit 02 Pares Academia Promoção Oferta,142,90,135,75,4.4,(3976)
WM,Tenis Olimp Masculino Feminino Lançamento Muito Envio Rápido,149,99,107,99,4.4,(144)
OLYMPIKUS,Tênis Olympikus Veloz 3 Unissex Laranja E Preto Original,329,98,296,98,,
,Tênis Para Treino Academia Trabalho Masculino Caminhada,54,90,5,34,,
,Tênis Para Corrida Olimpikus Veloz Caminhada Crossfit,99,90,94,90,,
ASICS,Tênis Asics Gel Original Treino Casual Macio Promoção Barato,333,33,129,99,,
PLAZA,Kit 2 Pares De Tênis Masculino Academia Caminhada Casual Neo,139,90,13,60,4.2,(652)
,Tênis Esportivo Masculino Academia Corrida Confortável Nl450,189,90,18,46,,
,Tênis Masculino Casual Academia Esportivo Frete Gratis !,79,99,26,66,,
UNDER ARMOUR,Tênis Under Armour Charged Wing Se Masculino Preto,329,90,32,,,
OLYMPIKUS,Tênis Olympikus Original Corrida Promoção Lançamento Novo,333,33,99,99,,
,Tenis Casual Knu Skool Black White Preto E Branco Lançamento,267,90,160,74,4.8,(25)
OLYMPIKUS,Olympikus Casual Mood Masculino Adultos,139,90,125,91,4.8,(3861)
,Tênis Corrida Bolha Plus 1 Tn Muito Leve Novo Oferta,108,10,36,03,,
,Tênis Yezy 350 Masculino- Promoção,299,90,33,32,4.7,(17)
BF SHOES,Tênis Bf Shoes Olimp Masculino Esportivo Caminhada Branco,99,90,60,83,4.6,(7971)
,Tênis Cross Tryd 5400 Academia Caminhada Confortável Leve,99,99,68,99,4.5,(1903)
LORENZZO LOPEZ,Kit 2 Tênis Masculino Corrida E Academia Esportivo Confort,189,90,123,43,4.9,(10)
ADIDAS,Tênis Duramo Speed adidas,599,99,403,19,4.8,(119)
,Tênis Confortável Para Caminhada Olypks Promoção Top,101,31,33,77,,
MIZUNO,Tenis Mizuno Wave Mirai 6,499,90,48,47,,
FILA,Tenis Fila Venture Tracer Masculino F01at00065-589,399,44,38,73,,
,Tênis Masculino Mizun Wave Creation 20 Academia E Corrida,78,77,7,66,,
FILA,Tênis Fila Efecto Masculino Corrida Treino Academia Original,349,99,237,99,,
FILA,Tenis Fila Racer Nairobi Knit Esportivo Masculino Original,379,95,334,35,4.9,(35)
OLYMPIKUS,Tênis Olympikus Veloz 2 157 Original Corrida Confortavel,224,90,21,86,,
SKECHERS,Skechers GORun Fast Masculino Adultos,319,90,31,99,4.3,(6)
MIZUNO,Tênis Mizuno Wave Mirai 6 Preto/marinho Masculino De Corrida,499,99,449,99,,
OLYMPIKUS,Tênis Masculino Leve Corrida Olympikus Inverse Cinza Claro,349,99,35,,,
,Tênis Bolsonaro Masculino Feminino Patriota Style Super Leve,179,90,35,98,4.7,(249)
OLYMPIKUS,Olympikus Neblina Masculino Adultos,293,41,28,,4.7,(80)
,Tênis 33y Academia Corrida Treino Macio Barato 35 Ao 44,179,99,17,50,,
MIZUNO,Tênis Mizuno Wave Mirai 6 Branco Masculino Cod: 16464,499,99,449,99,,
JOMA,Tênis Joma Viper Running Masculino Preto,299,99,28,,,
ACTVITTA,Tenis Corrida Academia Leve Actvitta Preto Em Pronta Entrega,129,90,12,63,,
ASCENSION,Tênis Esportivo Ortopédico Para Academia Treino Dia A Dia,109,90,95,67,4.5,(2)
ASICS,Tênis Asics Gel Sendai Corrida Leve Macio Promoção Garantia,499,97,159,99,,
,Tenis Esportivo Reed Preto E Branco,39,90,3,87,,
OLYMPIKUS,Tênis Olympikus Veloz 3 Masculino Corrida - Caminhada,299,90,269,90,,
ASICS,Tênis Asics Jolt 4 Masculino Corrida - Caminhada,359,90,247,30,4.7,(51)
OLYMPIKUS,Tênis Olympikus Corrida Challenger 5 Preto - Masculino,299,99,275,99,,
,Kit Tênis Masculino Esportivo Academia Corrida Leve+ Relógio,139,90,132,90,,
STARFLEX,Tênis Masculino Esportivo Corrida Academia Leve Confortável,129,65,109,55,,
WAVE,Kit 3 Pares Tênis Masculino Para Academia Caminhada Corrida,207,90,20,21,,
OLYMPIKUS,Olympikus 24/7 Lap Masculino Adultos 43769946,149,90,14,57,4.8,(10890)
LORENZZO LOPEZ,Kit 2 Tênis Masculino Corrida E Academia Esportivo Confort,189,90,138,62,,
SKECHERS,Tênis Skechers Go Run 7.0 Corrida Marinho Masculino Original,598,90,59,89,,
,Tênis Ecotênis Anti Derrapante Conforto Corrida Caminhada,58,90,5,73,,
UNDER ARMOUR,Tênis Under Armour Tribase Cross Se Promoção Pix Adulto,579,13,56,,,
WM,Tenis Feminino Masculino Olimp Lançamento Super Promoção ,99,99,9,72,4.9,(11)
MIZUNO,Tênis Masculino Mizuno Wave Creation 20 Academia Treino,309,96,139,48,,
LORENZZO LOPEZ,Tênis Masculino Para Academia E Corrida Super Macio E Leve,39,90,13,30,4.4,(35)
OLYMPIKUS,Kit Tênis Olympikus Cosmo Masculino Marinho E Laranja,252,99,209,40,,
OLYMPIKUS,Tênis Olympikus Masculino Color Adulto Br Original Reflect,249,99,24,30,,
OLYMPIKUS,Tênis Olympikus Estilo 2 Preto - Masculino,259,99,166,23,5.0,(42)
WAVE,Kit 2 Pares Tênis Esportivo Academia Caminhada Creation 20,149,91,37,48,,
OLYMPIKUS,Tênis Olympikus Academia Treino Macio Leve Novo 34 A 43 Full,333,33,99,99,,
,Tênis Ecotênis Corrida Caminhada Conforto Resistente Treino,61,90,6,02,,
,Tênis Masculino Academia Caminhada Leve Olimp Confortável,99,99,89,99,,
,Kit 2 Tenis Masculino Esportivo Adulto Caminhada Corrida To,158,70,15,43,,
MIZUNO,Tênis Mizuno Wave Mirai 6 Corrida 101081081 Chumbo,459,90,44,59,,
MIZUNO,Tênis Masculino Mizuno Wave Dynasty 6 Marinho,529,90,476,91,,
OLYMPIKUS,Tênis Olympikus Masculino Color Adulto Original Chroma Br,199,99,19,44,,
MORETTO,Tênis Masculino Zoom Para Caminhada  Moda E Conforto,89,90,8,74,,
FILA,Tenis Fila Venture Tracer Masculino F01at00065-589,399,44,38,73,,
JAX,Kit 2 Tênis Masculinos Para Caminhada Academia Treino Casual,169,90,127,42,,
VANS,Tênis Masculino Vans Old Skool Original Skate Conforto,269,90,161,94,4.8,(132)
,Tênis Masculino Kit 2 Estiloso Moderno + Carteira + Relógio,48,90,16,30,,
,Kit Tênis Masculino Casual Cinza Sola Reta + Acessórios Novo,69,90,23,30,,
ASICS,Tênis Masculino Asics Gel-shogun 5 Preto/prata,349,90,33,92,,
,Tênis De Corrida Masculino Passeios Treino Caminhada Esporte,297,99,33,11,,
OLDSEN,Tenis Masculino Infantil Jaguar De Corrida Academia 34-43,78,90,63,12,4.6,(678)
ASICS,Tênis Asics Gel Revelation Original Academia Caminhada Macio,333,33,129,99,,
,Tênis Ortopédico Masculino Calce Fácil Conforto Macio Nl466,114,90,11,17,,
,Tênis Masculino Para Academia De Caminhada Esportivo Leve,124,89,79,92,,
ASCENSION,Tênis Masculino Confortável Anti-impacto Esportes Corrida ,105,31,35,10,,
FILA,Tênis Fila Maxximus - Masculino,549,90,54,99,,
,Tênis Masculino Ecotênis Caminhada Academia Extra Leve,59,90,19,97,,
OLYMPIKUS,Tênis Olympikus Bloco Masculino Original,285,98,210,19,5.0,(2)
OLYMPIKUS,Tênis Olympikus Subverse Preto Corrida Envio Já - Masculino,349,99,332,49,,
OLYMPIKUS,Tênis Olympikus Masculino Color Adulto Br Original Reflect,249,99,24,30,,
OLYMPIKUS,Olympikus Casual Index 3 Masculino Adultos 43611218_1-004,146,19,14,,4.8,(2045)
OLYMPIKUS,Olympikus CORRIDA Veloz 2 Masculino Adultos,216,86,30,,4.8,(289)
OLYMPIKUS,Tênis Olympikus Cosmo Masculino Original,252,99,223,78,,
MIZUNO,Tênis Masculino Wave Creation Treino Macio Original Promoção,399,90,127,96,,
ASICS,Tênis Asics Dynablast 3 Preto/laranja Masculino Corrida,679,99,611,99,,
SCHIARELI,Tênis Confortavel Esportivo Leve Macio Varias Cores,139,90,34,98,4.6,(88)
,Tênis Masculino Casual Academia Esportivo Confortavel Top !,49,99,16,66,,
NEW BALANCE,Tenis New Balance Fuelcell Propel V5- Original + Nota Fiscal,599,90,59,99,,
,Kit 3 Tênis Masculino Meia Sem Cadarço Calce Fácil Conforto,159,80,31,,5.0,(4)
,Tênis Masculino Ecotênis Resistente Academia Treino Conforto,59,90,5,82,5.0,(1)
OLYMPIKUS,Tênis Olympikus Masculino Color Adulto Original Chroma Br,199,99,19,44,,
MIZUNO,Mizuno Wave Vitality 5 Masculino Adultos,295,60,28,,4.7,(28)
PROSPECT,Kit 3 Tênis Masculino Prospect Speed Academia Leve + Relógio,219,90,138,53,4.4,(94)
,Tênis New 9060 Premium Esporte Conforto Macio Unissex Preto,405,50,40,,,
FILA,Tênis Fila Maxximus Masculino Corrida Super Amortecimento,485,50,48,,,
WAVE,Kit 3 Pares Tênis Esportivo Masculino Academia Creation 20,207,91,20,21,,
,Kit 2 Tênis Masculino Esporte Academia Corrida Cadarço,169,90,16,51,,
OLYMPIKUS,Olympikus Poseidon Masculino Adultos,199,90,159,88,4.7,(769)
VIA LIVRE,Tênis Masculino Academia Corrida Sola Eva Trabalho,147,92,14,38,,
OLYMPIKUS,Tênis Olympikus Masculino Corrida Esportivo Adulto Veloz 2,279,90,249,11,,
PROSPECT,Kit 3 Tênis Masculino Prospect Fly Caminhada Academia Leve,209,90,134,33,4.5,(56)
CROSSFIRE,Tênis Masculino Esportivo Para Academia Caminhada Corrida,69,90,6,79,,
ABUZZE,Tênis Masculino De Corrida I Free-run,154,80,30,,,
CROSSFIRE,Kit 3 Tênis Masculino Para Academia Caminhada Esporte,209,90,34,98,,
STARFLEX,Tênis Masculino Corrida Esporte Ginástica Academia Treino,129,65,109,55,,
LORENZZO LOPEZ,Tênis Masculino Esportivo Corrida Caminhada Amortecedor,99,05,94,14,,
MIZUNO,Tenis Masculino Mizuno Wave Creation Original Macio Garantia,399,90,127,96,,
ASICS,Tênis Asisc Reveletion Varias Cores Confortavel Promoção,125,99,94,49,,
WAVE,Kit 3 Pares De Tênis Esportivo Masculino Wave Creation 20,207,92,20,21,,
WAVE,Kit 3 Tênis Masculino Esportivo Wave Creation 20 Molas Pro,219,90,31,41,,
OLYMPIKUS,Tênis Olympikus Original Academia Corrida Esportes Oferta,333,33,119,99,,
UNDER ARMOUR,Tênis Under Armour Charged Quicker Branco Masculino Adulto,199,90,19,43,,
ASICS,Tênis Asics Gel Sendai Couro Leve Macio Promoção Garantia,499,90,159,96,,
OLYMPIKUS,Tênis Olympikus Masculino Esportivo Veloz 2 Corrida Academia,279,90,249,11,,
SKECHERS,Tênis Skechers Go Run 7.0 Corrida Marinho Masculino Original,587,90,57,,,
MORETTO,Tênis Masculino Zoom Para Caminhada  Moda E Conforto,89,90,8,74,,
SKECHERS,Tênis Skechers Go Run Pulse 2.0 Preto Masculino Original,487,90,47,30,,
WAVE,Kit 2 Pares De Tênis Masculino Para Academia Wave Creation 2,149,92,37,48,,
OLYMPIKUS,Olympikus Diffuse 5 Masculino Adultos,264,99,33,12,4.8,(536)
MIZUNO,Mizuno Cool Ride Masculino Adultos,349,90,244,93,4.8,(960)
MIZUNO,Tênis Masculino Mizuno Wave Dynasty 6 Marinho,529,90,476,91,,
VANS,Tênis Old Skool Tradicional E Todo Preto Oferta !!!,350,57,119,,,
ASICS,Tenis Asics Gel Shogun 5 Masculino Preto/cinza,409,65,39,,,
PUMA,Tênis Puma Masculino Cell Lightpulse Preto Branco Original,489,90,48,99,,
FILA,Tênis Fila Float Maxxi 2 Pro Masculino Corrida Placa Carbono,869,25,84,,,
,Tênis Masculino Gel Carbono Corrida Academia Leve Original,499,99,159,99,,
NEW BALANCE,Tênis Masculino 247 Novo Pronta Entrega Casual Leve,333,33,139,99,,
,Sapatilha Aquática Unissex Rio Pesca Praia Neoprene Flexível,78,90,61,54,4.7,(108)
FILA,Tênis Fila Float Maxxi 2 Pro Masculino Corrida Placa Carbono,869,25,84,,,
PUMA,Puma Smash V2 L Masculino Adultos,349,99,290,49,5.0,(8)
ELEGANCE,Tênis Casual Elegance,129,90,32,48,,
WAVE,Kit 2 Tênis Para Academia Masculino Wave Creation 20 Corrida,149,90,37,48,,
WAVE,Kit 2 Pares De Tênis Para Academia Masculino Molas Creation,139,91,13,60,,
OLYMPIKUS,Tênis Masculino Olympikus Venum Treino 43696252,229,99,197,79,,
ASICS,Tênis Asics Gel Original Treino Casual Macio Promoção Barato,333,33,129,99,,
MIZUNO,Tênis Masculino Mizuno Wave Nirvana 9 Adulto.,300,60,153,,4.3,(142)
FILA,Tenis Fila Racer Carbon 2 Masculino Corrida Placa De Carbono,1.049,70,101,,,
NEW BALANCE,Tênis New Balance Masculino 500 V2 Corrida Original Estilo,399,99,38,78,,
HOKA,Tênis Hoka Clifton 9 Masculino,1.299,,130,,,
WAVE,Kit 2 Pares De Tênis Para Academia Caminhada Corrida Wave C2,139,90,13,60,,
WAVE,Kit 3 Pares De Tênis Para Academia Wave Creation 20 Promoção,219,91,31,42,,
ASCENSION,Tênis Masculino Esportivo Leve Confortável ,105,31,35,10,,
NEW BALANCE,Tênis New Balance Fresh Foam X 1080 V13 Cinza Masculino,1.199,99,1.079,,,
WAVE,Kit 2 Pares Tênis Masculino Esportivo Academia Molas Creatio,139,92,13,60,,
OLYMPIKUS,Tênis Olympikus Wellness Preto,199,34,19,,,
ON RUNNING,Tênis On Running Cloudflow Masculino,880,,660,,,
WAVE,Queima Estoque Wave Ls Flor De Lotus Premium Preto Off 24hr,479,90,177,56,,
MORETTO,Tênis Confortável Masculino Para Caminhada  Pronta Entrega,89,90,8,74,,
ASCENSION,Tênis Masculino Esporte Corrida Leve Ascension Original,119,90,11,65,,
BBS,Tênis Para Corridas Para Passeios Tênis Super Versátil,78,33,26,11,,
NEW FASHION,Tênis New Fashion Plus (original) Academia Corrida Caminhada,169,99,16,52,,
NEW BALANCE,Tênis Masculino 574 Academia Original Envio Imediato Novo,333,33,129,99,,
,Kit 2 Tenis Casual Esportivo Masculino Academia High Perform,105,99,35,33,,
MIZUNO,Tênis Mizuno Creation Original Garantia Importado + Frete,399,90,127,96,,
FILA,Tênis Masculino Fila Improve F01r00139,399,90,39,99,,
OLYMPIKUS,Tênis Olympikus Cyber 4 Preto/dourado Masculino,259,99,233,99,,
,Kit 2 Tenis Masculino Caminhada Academia Barato Promoção,159,90,31,98,,
NEW BALANCE,Tênis Masculino 247 Promoção Novo Leve Macio Pronta Entrega,333,33,139,99,,
OLYMPIKUS,Olympikus Lightspeed Sem gênero Adultos,110,50,104,83,4.6,(28)
MIZUNO,Academia Corrida Tênis Masculino Wave Prophecy 9 Para Treino,259,90,220,91,,
,Tênis Lançamentos Exclusivos Somente Aqui Na Loja,101,31,33,77,,
SW,Tenis Masculino Sneaker Oversized Sola Alta Sapatenis Casual,49,89,4,84,,
MIZUNO,Tenis Mizuno Creation Original Couro Preto Pronta Entrega,399,90,127,96,,
MIZUNO,Tenis Masculino Mizuno Nirvana 9 Academia Caminhada Treino,399,90,127,96,,
,Tênis Masculino Ecotênis Para Treino Academia Extra Leve,59,90,5,82,,
ASICS,Tênis Asics Gel Sendai  Corrida Confortável Macio,499,90,159,96,,
OLYMPIKUS,Tênis Olympikus Perfect 3 Unissex,139,99,35,,4.8,(46)
ASICS,Tênis Asics Academia Corrida Treino Macio Barato 34 Ao 43,333,33,99,99,4.0,(167)
ASICS,Tênis Casual Couro Academia Corrida Asics Barato 34 Ao 43,299,90,98,96,,
OLYMPIKUS,Tênis Olympikus Poseidon Unissex,129,99,32,50,4.7,(42)
FILA,Tenis Esportivo Corrida Fila Recovery Masculino,399,07,371,11,,
ASICS,Tenis Masculino Asics Sendai Academia Caminhada Corrida,399,90,119,96,,
SW,Tênis Masculino Sapatênis Casual Sola Alta Oversized Oferta,49,90,4,84,,
MIZUNO,Tênis Masculino Mizuno Jet 7 Azul Steel,279,05,27,,,
MIZUNO,Mizuno Wave Prophecy X Masculino Adultos,419,99,125,99,1.3,(4)
